,X,Y,Z,azimuth,dip,polarity,formation
0,0.0,0.0,-54.164078608088225,0,0,1,CSS
1,0.0,0.0,-25.0,0,0,1,SS
2,0.0,0.0,-15.930227022798315,0,0,1,Soil
