,X,Y,Z,azimuth,dip,polarity,formation
0,0.0,0.0,-54.86250674197919,0,0,1,CSS
1,0.0,0.0,-25.0,0,0,1,SS
2,0.0,0.0,-15.90424101519259,0,0,1,Soil
