,X,Y,Z,azimuth,dip,polarity,formation
0,0.0,0.0,4.846082503160232,0,0,1,CSS
1,0.0,0.0,44.1636307530491,0,0,1,Soil
2,50.0,50.0,45.0,0,0,1,Diatreme
3,50.0,50.0,5.0,0,0,1,Diatreme
4,76.73576547063183,36.87124460123137,45.0,0,0,1,Diatreme
