,X,Y,Z,azimuth,dip,polarity,formation
0,0.0,0.0,-55.73540273894144,0,0,1,CSS
1,0.0,0.0,-25.0,0,0,1,SS
2,0.0,0.0,-15.927335557278242,0,0,1,Soil
